,control_gene_expression,experiment_gene_expression,difference
Tmem163,1403.4653,2931.5781,1528.11279296875
Dner,3150.1423,4519.1743,1369.031982421875
Thsd7a,1986.6837,3239.8105,1253.1268310546875
Nrn1,1415.7489,2582.1055,1166.3565673828125
Gng12,3219.9392,4355.171,1135.231689453125
Eya4,923.88574,2047.7086,1123.8228759765625
Gadd45a,943.6578,2005.4755,1061.817626953125
Prox1,3873.9143,4878.078,1004.163818359375
Sox10,4819.3613,5795.539,976.177734375
Dpy19l1,5042.3223,6017.024,974.70166015625
