gene,logfoldchanges
Nrn1,4.3519964
Ndst4,2.5880013
Ndst3,2.2134273
Slit2,2.1553748
Rprm,2.0252726
Plekha2,1.8180717
Tanc1,1.76886
Nr2f2,1.6579413
Gfap,1.5986044
Arhgef28,1.4892247
