gene,logfoldchanges
Nrn1,4.3935595
Slit2,1.971648
Nts,1.9557049
Ndst4,1.9031209
Ndst3,1.8612261
Rab3b,1.8166305
Plekha2,1.7530708
Cpne6,1.7353297
Gfap,1.5673592
Tanc1,1.5405167
