gene,logfoldchanges
Hoxc4,4.4220314
Trp53i11,4.3210936
Nr4a2,3.6514943
Nxph4,3.0533402
Kcnc3,2.7266994
Gabra1,2.6844769
Asic4,2.6426682
Tenm3,2.5768054
Slc32a1,2.5756383
Lamp5,2.550055
