,control_gene_expression,experiment_gene_expression,difference
Drd1,9780.747,2263.3235,7517.423828125
Pdyn,8062.985,2094.8967,5968.087890625
Kcna4,5951.3594,1338.6705,4612.68896484375
Cnr1,4146.0776,348.23022,3797.847412109375
Rgs4,3791.0417,599.5283,3191.513427734375
Chrna2,3032.0051,58.97261,2973.032470703125
Chrm4,4298.115,1373.2358,2924.87939453125
Elmod1,3697.9236,1137.1757,2560.748046875
Bcl11b,3098.031,686.1827,2411.848388671875
Coch,3102.5532,900.4624,2202.0908203125
