,control_gene_expression,experiment_gene_expression,difference
Penk,8303.336,2232.134,6071.2021484375
Adora2a,6865.332,2098.2935,4767.03857421875
Drd2,6848.175,2580.54,4267.634765625
Gpr6,5483.838,2105.7607,3378.0771484375
Chrna2,3360.0725,38.032932,3322.03955078125
Kcna4,3832.1602,710.925,3121.235107421875
Cnr1,2994.8145,-28.803532,3023.617919921875
Gpr52,4010.0735,1119.4171,2890.65625
Rgs4,2989.0212,325.92126,2663.10009765625
Mrc1,2395.0918,-32.772923,2427.86474609375
