gene,logfoldchanges
Ar,28.03394
Aif1,27.423107
Chn2,27.009916
Crabp1,26.977753
Col25a1,26.935307
Dgkk,26.920748
Onecut2,26.800943
Syndig1,26.689577
Unc5d,26.367147
Rerg,26.257275
