,control_gene_expression,experiment_gene_expression,difference
Cdhr4,832.3556,2578.4329,1746.0772705078125
Sncg,2370.6833,891.7506,1478.9327392578125
Slc6a5,1293.1307,349.2321,943.898681640625
Syt10,514.44836,1421.8569,907.4085693359375
Kcng4,669.17017,17.492886,651.6773071289062
Hdc,1210.8638,1825.2267,614.3629150390625
Dlk1,561.92926,16.778118,545.151123046875
Iqgap2,14.684906,546.8342,532.1492919921875
Tcf7l2,135.58669,664.9285,529.3418579101562
Ddr1,325.74237,853.97064,528.228271484375
