gene,logfoldchanges
Hoxc4,5.5427737
Nxph4,5.199159
Trp53i11,4.438569
Htr2c,4.321837
Onecut2,4.3179617
Fam214a,3.9413767
Gabra1,3.9365938
Oprl1,3.8257723
Lamp5,3.7721555
Adgrl2,3.7473469
