,control_gene_expression,experiment_gene_expression,difference
Hoxc4,915.67957,6424.476,5508.79638671875
Nxph4,446.17188,3350.9033,2904.7314453125
Tpbg,931.8672,2522.031,1590.163818359375
Htr2c,520.6766,1920.1523,1399.475830078125
Oprm1,137.82442,1435.497,1297.6724853515625
Asic4,2174.7954,3400.9624,1226.1669921875
Rerg,477.12238,1665.391,1188.2685546875
Reln,532.98987,1599.5419,1066.552001953125
Onecut2,1478.2496,2541.3743,1063.1246337890625
Ust,533.22003,1569.2927,1036.07275390625
