,control_gene_expression,experiment_gene_expression,difference
Igfbpl1,339.94104,1060.519,720.5780029296875
Sp8,120.96579,680.5832,559.617431640625
Dlx1,278.03268,760.2221,482.1894226074219
Vcan,144.64948,605.3096,460.66009521484375
Arx,96.22324,403.5666,307.3433532714844
Prokr2,563.12036,868.04926,304.92889404296875
Cacng5,44.327515,292.62402,248.2965087890625
Sp9,126.75804,371.44012,244.6820831298828
Erbb4,21.829468,242.21385,220.38438415527344
Cd24a,86.14064,301.61957,215.4789276123047
