,control_gene_expression,experiment_gene_expression,difference
Hoxc4,-60.099106,693.7266,753.8257446289062
Plxnb3,158.87753,634.19147,475.3139343261719
Nxph4,-52.403717,375.6796,428.08331298828125
Onecut2,50.92305,459.05392,408.130859375
Enpp6,18.747414,425.52176,406.77435302734375
Gpr62,38.28467,441.58374,403.299072265625
Fam214a,-97.09466,261.37842,358.47308349609375
Tpbg,-22.273285,319.07828,341.3515625
Hhip,110.46807,447.96057,337.49249267578125
Synpr,-30.136831,303.74344,333.8802795410156
