,gene,logfoldchanges,pvals,pvals_adj,-log10(pvals_adj)
24,Hoxc4,3.0004382,1.2452043810100977e-10,2.223579251803746e-09,8.652947387012135
