,control_gene_expression,experiment_gene_expression,difference
Sertm1,137.90225,387.2841,249.3818359375
Cemip,117.862434,356.30618,238.44375610351562
Crabp1,528.75726,763.2588,234.50152587890625
Alk,187.91139,400.31912,212.40773010253906
Lama3,208.26707,385.22903,176.9619598388672
Kit,872.612,1020.89984,148.287841796875
Pthlh,504.99463,642.89813,137.90350341796875
Pcdh8,81.87146,211.41382,129.5423583984375
Hapln1,164.07028,291.06778,126.99749755859375
Nxph1,747.2255,623.1807,124.0447998046875
