,control_gene_expression,experiment_gene_expression,difference
Grin2c,730.89417,2110.083,1379.1888427734375
Pdgfrb,241.94615,1292.9797,1051.0335693359375
Fgfr3,580.86993,1535.2448,954.3748168945312
Ntsr2,659.77734,1513.2766,853.499267578125
Aqp4,323.09375,1130.296,807.2022705078125
Bcan,738.2564,1528.9043,790.6478881835938
Ednrb,412.6269,1176.5531,763.9262084960938
Aldh1l1,411.7962,1166.9077,755.1115112304688
Wnt7b,285.42953,972.6711,687.2415771484375
Bmp7,212.49918,833.0724,620.5732421875
