Celltype,Raw Count,Normalized Count
Ependymal Cells,101,0.24876847290640394
Astro III,47,0.11576354679802955
Thalamic Neurons,30,0.07389162561576355
Drd1 Striatal Neurons,30,0.07389162561576355
Neurons II,21,0.05172413793103448
Drd2 Striatal Neurons,20,0.04926108374384237
Astro I,18,0.04433497536945813
Neurons VII,15,0.03694581280788178
Cortical Oligo,14,0.034482758620689655
Neurons I,13,0.03201970443349754
Oligo I,13,0.03201970443349754
Cortical Neurons V,13,0.03201970443349754
Oligo II,11,0.027093596059113302
Cortical Neurons II,7,0.017241379310344827
OPC,6,0.014778325123152709
Microglia,6,0.014778325123152709
Endo I,5,0.012315270935960592
Astro II,5,0.012315270935960592
Neurons III,4,0.009852216748768473
Cortical Neurons I,4,0.009852216748768473
Striatal Astro,3,0.007389162561576354
SST Neurons,3,0.007389162561576354
Oligo IV,2,0.0049261083743842365
Pericyte I,2,0.0049261083743842365
Neurons IV,2,0.0049261083743842365
Oligo III,2,0.0049261083743842365
Neurons IX,2,0.0049261083743842365
Vlmc,2,0.0049261083743842365
Neurons X,1,0.0024630541871921183
Pericyte II,1,0.0024630541871921183
Neurons VI,1,0.0024630541871921183
Striatal Neurons,1,0.0024630541871921183
Cortical neurons III,1,0.0024630541871921183
