Celltype,Raw Count,Normalized Count
Drd2 Striatal Neurons,35,0.330188679245283
Drd1 Striatal Neurons,29,0.27358490566037735
Neurons I,8,0.07547169811320754
Neurons IX,5,0.04716981132075472
Endo I,4,0.03773584905660377
Oligo IV,4,0.03773584905660377
Astro I,3,0.02830188679245283
Oligo II,3,0.02830188679245283
Oligo I,2,0.018867924528301886
Striatal Astro,2,0.018867924528301886
Neurons III,2,0.018867924528301886
OPC,2,0.018867924528301886
Microglia,2,0.018867924528301886
Striatal Neurons,2,0.018867924528301886
Astro III,1,0.009433962264150943
Pericyte I,1,0.009433962264150943
Cortical Neurons I,1,0.009433962264150943
